allen-p : phillip.allen@enron.com,
arnold-j : john.arnold@enron.com,jon.arnold@enron.com,
arnold-je : jeff.arnold@enron.com,
arora-h : harry.arora@enron.com,
badeer-r : robert.badeer@enron.com,
bailey-s : susan.bailey@enron.com,
bass-e : eric.bass@enron.com,
baughman-d : don.baughman@enron.com,d..baughman@enron.com,
beck-s : sally.beck@enron.com,
benson-r : robert.benson@enron.com,
blair-l : lynn.blair@enron.com,
brawner-s : sandra.brawner@enron.com,sandra.f.brawner@enron.com,
buy-r : rick.buy@enron.com,richard.buy@enron.com,
campbell-l : lesli.campbell@enron.com,
campbell-la : larry.campbell@enron.com,larry_campbell@enron.com,larry.f.campbell@enron.com,larry_f_campbell@enron.com
carson-m : margaret.carson@enron.com,
carson-mi : mike.carson@enron.com,
cash-m : michelle.cash@enron.com,michelle_cash@enron.com,mcash@ect.enron.com,mcash@enron.com,
causholli-m : monika.causholli@enron.com,
corman-s : shelley.corman@enron.com,
cuilla-m : martin.cuilla@enron.com,mcuilla@enron.com,martin_cuilla@enron.com,mcuilla@ect.enron.com,
dasovich-j : jeff.dasovich@enron.com,jeff_dasovich@enron.com,
davis-d : dana.davis@enron.com,
dean-c : craig.dean@enron.com,
dean-cl : clint.dean@enron.com,
delainey-d : david.delainey@enron.com,david.w.delainey@enron.com,dave.delainey@enron.com,
derrick-j : james.derrick@enron.com,jim.derrick@enron.com,james_derrick@enron.com,james'.'derrick@enron.com,j.derrick@enron.com,James.v.derrick@enron.com,
dickson-s : stacy.dickson@enron.com,
donohoe-t : tom.donohoe@enron.com,
donoho-l : lindy.donoho@enron.com,ldonoho@enron.com,
dorland-c : chris.dorland@enron.com,
ermis-f : frank.ermis@enron.com,
fischer-m : mark.fischer@enron.com,
forney-j : john.forney@enron.com,
forney-ju : judy.forney@enron.com,
fossum-d : drew.fossum@enron.com,dfossum@enron.com,drew_fossum@enron.com,
gang-l : lisa.gang@enron.com,
gay-r : randall.gay@enron.com,
gay-ro : rob.gay@enron.com,
geaccone-t : tracy.geaccone@enron.com,
germany-c : chris.germany@enron.com,
giron-d : darron.giron@enron.com,dgiron@enron.com,darron.c.giron@enron.com,dgiron@ect.enron.com,darron.c.giron@enron.net,
griffith-j : jackie.griffith@enron.com,
griffith-jo : john.griffith@enron.com,
grigsby-m : mike.grigsby@enron.com,
guzman-m : mike.guzman@enron.com,
guzman-ma : mark.guzman@enron.com,
haedicke-m : mark.haedicke@enron.com,mark.e.haedicke@enron.com,haedicke.mark@enron.com,mark_haedicke@enron.net,
hain-m : mary.hain@enron.com,mary_hain@enron.com,
harris-s : stephanie.harris@enron.com,
harris-st : steven.harris@enron.com,steve.harris@enron.com
hayslett-r : rod.hayslett@enron.com
heard-m : marie.heard@enron.com,
hendrickson-s : scott.hendrickson@enron.com,
hernandez-j : juan.hernandez@enron.com,
hernandez-ju : judy.hernandez@enron.com,
hodge-j : jeffrey.hodge@enron.com,jeffrey.t.hodge@enron.com,jeff.hodge@enron.com,
hodge-jo : john.hodge@enron.com,
holst-k : keith.holst@enron.com,
horton-s : stanley.horton@enron.com,stan.horton@enron.com,
hyatt-k : kevin.hyatt@enron.com,khyatt@enron.com,
hyvl-d : dan.hyvl@enron.com,dan.j.hyvl@enron.com,dhyvl@enron.com,dhyvl@ect.enron.com,
jones-t : tana.jones@enron.com,
jones-ti : timothy.jones@enron.com,
jones-to : tom.bruce-jones@enron.com,
kaminski-v : vince.kaminski@enron.com,
kean-s : steven.kean@enron.com,skean@enron.com,steven.j.kean@enron.com,
keavey-p : peter.keavey@enron.com,peter.f.keavey@enron.com,pkeavey@ect.enron.com,pkeavey@enron.com,
keiser-k : kam.keiser@enron.com,
king-j : jan.king@enron.com,
king-je : jeff.king@enron.com,
king-jo : john.king@enron.com,
king-joe : joe.king@enron.com,
kitchen-l : louise.kitchen@enron.com,lkitchen@enron.com,
kuykendall-t : tori.kuykendall@enron.com,
lavorato-j : john.lavorato@enron.com,
lay-k : kenneth.lay@enron.com,ken.lay-@enron.com,klay@enron.com,k.lay@enron.com,k.l.lay@enron.com,kenneth.l.lay@enron.com,kenneth_lay@enron.com,ken.lay@enron.com,klay@enron,kenneth_lay@enron.net,lay.kenneth@enron.com,layk@enron.com,ken_lay@enron.net,ken_lay@enron.com,k_lay@enron.com,klay.enron@enron.com,kennethlay@enron.com,kenlay@enron.com,kllay@enron.com,
lenhart-m : matthew.lenhart@enron.com,
lewis-a : andrew.lewis@enron.com,
linder-e : eric.linder@enron.com,
lokay-m : michelle.lokay@enron.com,
lokey-t : teb.lokey@enron.com,
love-p : phillip.love@enron.com,plove@enron.com,
lucci-p : paul.lucci@enron.com,paul.t.lucci@enron.com,plucci@enron.com,
maggi-m : mike.maggi@enron.com,
mann-k : kay.mann@enron.com,
martin-t : thomas.martin@enron.com,
may-l : larry.may@enron.com,
mccarty-d : danny.mccarty@enron.com,mccarty.danny@enron.com,dmccarty@enron.com,
mcconnell-m : mike.mcconnell@enron.com,
mcconnell-ma : mark.mcconnell@enron.com,
mckay-b : brad.mckay@enron.com,
mckay-be : mckay.bernie@enron.com,
mckay-j : jonathan.mckay@enron.com,
mckay-ja : james.mckay@enron.com,
mclaughlin-e : errol.mclaughlin@enron.com,
meyers-a : albert.meyers@enron.com,
motley-m : matt.motley@enron.com,mmotley@enron.com,motley.matt@enron.com,
neal-s : scott.neal@enron.com,
nemec-g : gerald.nemec@enron.com,
panus-s : stephanie.panus@enron.com,
parks-j : joe.parks@enron.com,joeseph.parks@enron.com,parks.joe@enron.com,jparks@enron.com,
pereira-s : susan.pereira@enron.com,pereira.susan@enron.com,
perlingiere-d : debra.perlingiere@enron.com,
pimenov-v : vladi.pimenov@enron.com,vpimenov@enron.com,
platter-p : phillip.platter@enron.com,
presto-k : kevin.presto@enron.com,
quenet-j : joe.quenet@enron.com,
quigley-d : dutch.quigley@enron.com,dutch.quigley@ect.enron.com,quigley.dutch@enron.com,
rapp-b : bill.rapp@enron.com,brapp@enron.com,
reitmeyer-j : jay.reitmeyer@enron.com,
richey-c : cooper.richey@enron.com,
ring-a : andrea.ring@enron.com,
ring-r : richard.ring@enron.com,
rogers-b : benjamin.rogers@enron.com,
ruscitti-k : kevin.ruscitti@enron.com,
sager-e : elizabeth.sager@enron.com,esager2@ect.enron.com,esager2@enron.com,esager@enron.com,
saibi-e : eric.saibi@enron.com,
salisbury-h : holden.salisbury@enron.com,
sanchez-m : monique.sanchez@enron.com,
sanders-r : richard.sanders@enron.com,richard.b.sanders@enron.com,
scholtes-d : diana.scholtes@enron.com,
schoolcraft-d : darrell.schoolcraft@enron.com,
schwieger-j : jim.schwieger@enron.com,
scott-s : susan.scott@enron.com,sscott3@enron.com,sscott5@enron.com,susan'.'scott@enron.com,susan.m.scott@enron.com,scott.susan@enron.com,susan_m_scott@enron.com,
semperger-c : cara.semperger@enron.com,
shackleton-s : sara.shackleton@enron.com,
shankman-j : jeffrey.shankman@enron.com,jeff.shankman@enron.com,jeffrey.a.shankman@enron.com,
shapiro-r : richard.shapiro@enron.com,rshapiro@enron.com,shapiro.rick@enron.com,
shively-h : hunter.shively@enron.com,hunter.s.shively@enron.com,hunters.shively@enron.com,
skilling-j : jeff.skilling@enron.com,jeffrey.skilling@enron.com,
slinger-r : ryan.slinger@enron.com,
smith-m : mike.smith@enron.com,mike_d_smith@enron.com,michael.smith@enron.com,
smith-ma : mary.smith@enron.com,
smith max : maxine.smith@enron.com,
smith-mar : mark.smith@enron.com,
smith-mat : matt.smith@enron.com,
smith-mau : maureen.smith@enron.com,
smith-mart : martin.smith@enron.com,
solberg-g : geir.solberg@enron.com,
south-s : steven.south@enron.com,steven.p.south@enron.com,ssouth@ect.enron.com,
staab-t : theresa.staab@enron.com,tstaab@enron.com,theresa_staab@enron.com,
steffes-j : james.steffes@enron.com,james.d.steffes@enron.com,steffes.james@enron.com,jim.steffes@enron.com,james_d_steffes@enron.com,
stepenovitch-j : joe.stepenovitch@enron.com,
stokley-c : chris.stokley@enron.com,
storey-g : geoff.storey@enron.com,gstorey@enron.com,gstorey@ect.enron.com,geof.storey@enron.com,storey.geof@enron.com,geof'.'storey@enron.com,
sturm-f : fletcher.sturm@enron.com,
swerzbin-m : mike.swerzbin@enron.com,
symes-k : kate.symes@enron.com,
taylor-m : mark.taylor@enron.com,
taylor-mi : mitch.taylor@enron.com,mitchell.taylor@enron.com,michael.taylor@enron.com,
tholt-j : jane.tholt@enron.com,
thomas-p : paul.thomas@enron.com,paul.d.thomas@enron.com,
townsend-j : judy.townsend@enron.com,
tycholiz-b : barry.tycholiz@enron.com,
ward-k : kim.ward@enron.com,kward@ect.enron.com,kward@enron.com,
watson-k : kimberly.watson@enron.com,
weldon-c : charles.weldon@enron.com,
whalley-g : greg.whalley@enron.com,gwhalley@enron.com,
white-s : stacey.white@enron.com,s..white@enron.com,
whitt-m : mark.whitt@enron.com,
williams-j : joannie.williamson@enron.com,jo.williams@enron.com,
williams-ja : jaime.williams@enron.com,jimmie.williams@enron.com,
williams-jas : jason.williams@enron.com,
williams-jo : john.williams@enron.com,
williams-joy : joya.williams@enron.com
wolfe-j : jason.wolfe@enron.com,
zipper-a : andy.zipper@enron.com,azipper@enron.com,zipper.andy@enron.com,
zufferli-j : john.zufferli@enron.com,john_zufferli@enron.com,